timeStamp,elapsed,label,responseCode,responseMessage,threadName,dataType,success,failureMessage,bytes,sentBytes,grpThreads,allThreads,URL,Latency,IdleTime,Connect
1637178089488,32,Petición HTTP,200,OK,final_test 1-4,text,true,,11229,116,13,13,http://192.168.100.4/,31,0,21
1637178089488,32,Petición HTTP,200,OK,final_test 1-3,text,true,,11229,116,13,13,http://192.168.100.4/,32,0,21
1637178089489,33,Petición HTTP,200,OK,final_test 1-11,text,true,,11229,116,13,13,http://192.168.100.4/,30,0,23
1637178089489,32,Petición HTTP,200,OK,final_test 1-10,text,true,,11229,116,13,13,http://192.168.100.4/,30,0,20
1637178089488,32,Petición HTTP,200,OK,final_test 1-8,text,true,,11229,116,13,13,http://192.168.100.4/,32,0,21
1637178089489,33,Petición HTTP,200,OK,final_test 1-9,text,true,,11229,116,13,13,http://192.168.100.4/,30,0,23
1637178089488,32,Petición HTTP,200,OK,final_test 1-7,text,true,,11229,116,13,13,http://192.168.100.4/,32,0,21
1637178089488,32,Petición HTTP,200,OK,final_test 1-6,text,true,,11229,116,13,13,http://192.168.100.4/,31,0,22
1637178089488,32,Petición HTTP,200,OK,final_test 1-2,text,true,,11229,116,13,13,http://192.168.100.4/,30,0,21
1637178089507,15,Petición HTTP,200,OK,final_test 1-13,text,true,,11229,116,13,13,http://192.168.100.4/,12,0,5
1637178089488,32,Petición HTTP,200,OK,final_test 1-1,text,true,,11229,116,13,13,http://192.168.100.4/,31,0,23
1637178089493,32,Petición HTTP,200,OK,final_test 1-12,text,true,,11229,116,14,14,http://192.168.100.4/,26,0,16
1637178089488,36,Petición HTTP,200,OK,final_test 1-5,text,true,,11229,116,14,14,http://192.168.100.4/,30,0,21
1637178089523,7,Petición HTTP,200,OK,final_test 1-4,text,true,,11228,116,14,14,http://192.168.100.4/,4,0,0
1637178089524,7,Petición HTTP,200,OK,final_test 1-3,text,true,,11228,116,14,14,http://192.168.100.4/,5,0,0
1637178089524,10,Petición HTTP,200,OK,final_test 1-9,text,true,,11228,116,14,14,http://192.168.100.4/,4,0,0
1637178089525,9,Petición HTTP,200,OK,final_test 1-14,text,true,,11229,116,14,14,http://192.168.100.4/,8,0,5
1637178089523,13,Petición HTTP,200,OK,final_test 1-10,text,true,,11228,116,14,14,http://192.168.100.4/,3,0,0
1637178089523,13,Petición HTTP,200,OK,final_test 1-7,text,true,,11228,116,14,14,http://192.168.100.4/,5,0,0
1637178089523,14,Petición HTTP,200,OK,final_test 1-11,text,true,,11228,116,14,14,http://192.168.100.4/,3,0,0
1637178089524,13,Petición HTTP,200,OK,final_test 1-8,text,true,,11228,116,14,14,http://192.168.100.4/,6,0,0
1637178089524,13,Petición HTTP,200,OK,final_test 1-6,text,true,,11228,116,14,14,http://192.168.100.4/,4,0,0
1637178089524,14,Petición HTTP,200,OK,final_test 1-13,text,true,,11228,116,14,14,http://192.168.100.4/,5,0,0
1637178089524,14,Petición HTTP,200,OK,final_test 1-2,text,true,,11228,116,14,14,http://192.168.100.4/,4,0,0
1637178089531,8,Petición HTTP,200,OK,final_test 1-4,text,true,,11228,116,14,14,http://192.168.100.4/,4,0,0
1637178089524,17,Petición HTTP,200,OK,final_test 1-1,text,true,,11228,116,14,14,http://192.168.100.4/,5,0,0
1637178089525,16,Petición HTTP,200,OK,final_test 1-12,text,true,,11228,116,14,14,http://192.168.100.4/,6,0,0
1637178089532,12,Petición HTTP,200,OK,final_test 1-3,text,true,,11228,116,14,14,http://192.168.100.4/,11,0,0
1637178089534,11,Petición HTTP,200,OK,final_test 1-14,text,true,,11228,116,14,14,http://192.168.100.4/,11,0,0
1637178089534,12,Petición HTTP,200,OK,final_test 1-9,text,true,,11228,116,14,14,http://192.168.100.4/,11,0,0
1637178089536,12,Petición HTTP,200,OK,final_test 1-10,text,true,,11228,116,15,15,http://192.168.100.4/,11,0,0
1637178089547,6,Petición HTTP,200,OK,final_test 1-9,text,true,,11228,116,16,16,http://192.168.100.4/,5,0,0
1637178089525,29,Petición HTTP,200,OK,final_test 1-5,text,true,,11228,116,16,16,http://192.168.100.4/,10,0,0
1637178089546,13,Petición HTTP,200,OK,final_test 1-14,text,true,,11228,116,18,18,http://192.168.100.4/,13,0,0
1637178089536,31,Petición HTTP,200,OK,final_test 1-7,text,true,,11228,116,18,18,http://192.168.100.4/,12,0,0
1637178089537,31,Petición HTTP,200,OK,final_test 1-11,text,true,,11228,116,18,18,http://192.168.100.4/,11,0,0
1637178089537,32,Petición HTTP,200,OK,final_test 1-8,text,true,,11228,116,19,19,http://192.168.100.4/,12,0,0
1637178089538,33,Petición HTTP,200,OK,final_test 1-6,text,true,,11228,116,19,19,http://192.168.100.4/,11,0,0
1637178089538,33,Petición HTTP,200,OK,final_test 1-13,text,true,,11228,116,19,19,http://192.168.100.4/,11,0,0
1637178089539,33,Petición HTTP,200,OK,final_test 1-2,text,true,,11228,116,19,19,http://192.168.100.4/,11,0,0
1637178089539,34,Petición HTTP,200,OK,final_test 1-4,text,true,,11228,116,19,19,http://192.168.100.4/,12,0,0
1637178089542,32,Petición HTTP,200,OK,final_test 1-12,text,true,,11228,116,19,19,http://192.168.100.4/,9,0,0
1637178089541,33,Petición HTTP,200,OK,final_test 1-1,text,true,,11228,116,19,19,http://192.168.100.4/,13,0,0
1637178089544,31,Petición HTTP,200,OK,final_test 1-3,text,true,,11228,116,19,19,http://192.168.100.4/,11,0,0
1637178089554,26,Petición HTTP,200,OK,final_test 1-5,text,true,,11228,116,20,20,http://192.168.100.4/,11,0,0
1637178089548,33,Petición HTTP,200,OK,final_test 1-10,text,true,,11228,116,20,20,http://192.168.100.4/,13,0,0
1637178089550,32,Petición HTTP,200,OK,final_test 1-15,text,true,,11229,116,20,20,http://192.168.100.4/,24,0,11
1637178089553,29,Petición HTTP,200,OK,final_test 1-9,text,true,,11228,116,20,20,http://192.168.100.4/,10,0,0
1637178089560,23,Petición HTTP,200,OK,final_test 1-14,text,true,,11228,116,20,20,http://192.168.100.4/,9,0,0
1637178089572,12,Petición HTTP,200,OK,final_test 1-19,text,true,,11229,116,19,19,http://192.168.100.4/,10,0,5
1637178089556,31,Petición HTTP,200,OK,final_test 1-16,text,true,,11229,116,19,19,http://192.168.100.4/,20,0,10
1637178089557,31,Petición HTTP,200,OK,final_test 1-17,text,true,,11229,116,19,19,http://192.168.100.4/,19,0,9
1637178089567,21,Petición HTTP,200,OK,final_test 1-7,text,true,,11228,116,19,19,http://192.168.100.4/,9,0,0
1637178089568,21,Petición HTTP,200,OK,final_test 1-11,text,true,,11228,116,20,20,http://192.168.100.4/,8,0,0
1637178089570,20,Petición HTTP,200,OK,final_test 1-8,text,true,,11228,116,20,20,http://192.168.100.4/,8,0,0
1637178089560,30,Petición HTTP,200,OK,final_test 1-18,text,true,,11229,116,20,20,http://192.168.100.4/,18,0,12
1637178089572,19,Petición HTTP,200,OK,final_test 1-6,text,true,,11228,116,20,20,http://192.168.100.4/,7,0,0
1637178089572,21,Petición HTTP,200,OK,final_test 1-13,text,true,,11228,116,20,20,http://192.168.100.4/,7,0,0
1637178089572,21,Petición HTTP,200,OK,final_test 1-2,text,true,,11228,116,20,20,http://192.168.100.4/,7,0,0
1637178089573,20,Petición HTTP,200,OK,final_test 1-4,text,true,,11228,116,20,20,http://192.168.100.4/,7,0,0
1637178089575,20,Petición HTTP,200,OK,final_test 1-1,text,true,,11228,116,19,19,http://192.168.100.4/,5,0,0
1637178089574,21,Petición HTTP,200,OK,final_test 1-12,text,true,,11228,116,20,20,http://192.168.100.4/,6,0,0
1637178089575,21,Petición HTTP,200,OK,final_test 1-3,text,true,,11228,116,20,20,http://192.168.100.4/,6,0,0
1637178089580,18,Petición HTTP,200,OK,final_test 1-5,text,true,,11228,116,19,19,http://192.168.100.4/,3,0,0
1637178089581,18,Petición HTTP,200,OK,final_test 1-10,text,true,,11228,116,19,19,http://192.168.100.4/,5,0,0
1637178089582,17,Petición HTTP,200,OK,final_test 1-15,text,true,,11228,116,18,18,http://192.168.100.4/,6,0,0
1637178089590,10,Petición HTTP,200,OK,final_test 1-21,text,true,,11229,116,18,18,http://192.168.100.4/,9,0,7
1637178089579,21,Petición HTTP,200,OK,final_test 1-20,text,true,,11229,116,18,18,http://192.168.100.4/,9,0,4
1637178089583,18,Petición HTTP,200,OK,final_test 1-14,text,true,,11228,116,18,18,http://192.168.100.4/,6,0,0
1637178089585,17,Petición HTTP,200,OK,final_test 1-19,text,true,,11228,116,17,17,http://192.168.100.4/,8,0,0
1637178089588,14,Petición HTTP,200,OK,final_test 1-16,text,true,,11228,116,17,17,http://192.168.100.4/,8,0,0
1637178089595,8,Petición HTTP,200,OK,final_test 1-1,text,true,,11228,116,17,17,http://192.168.100.4/,4,0,0
1637178089595,10,Petición HTTP,200,OK,final_test 1-22,text,true,,11229,116,16,16,http://192.168.100.4/,10,0,4
1637178089600,6,Petición HTTP,200,OK,final_test 1-21,text,true,,11228,116,16,16,http://192.168.100.4/,6,0,0
1637178089600,7,Petición HTTP,200,OK,final_test 1-20,text,true,,11228,116,16,16,http://192.168.100.4/,7,0,0
1637178089603,6,Petición HTTP,200,OK,final_test 1-16,text,true,,11228,116,17,17,http://192.168.100.4/,5,0,0
1637178089608,3,Petición HTTP,200,OK,final_test 1-20,text,true,,11228,116,17,17,http://192.168.100.4/,3,0,0
1637178089606,5,Petición HTTP,200,OK,final_test 1-21,text,true,,11228,116,17,17,http://192.168.100.4/,5,0,0
1637178089602,10,Petición HTTP,200,OK,final_test 1-19,text,true,,11228,116,17,17,http://192.168.100.4/,10,0,0
1637178089600,12,Petición HTTP,200,OK,final_test 1-15,text,true,,11228,116,17,17,http://192.168.100.4/,11,0,0
1637178089611,2,Petición HTTP,200,OK,final_test 1-20,text,true,,11228,116,17,17,http://192.168.100.4/,2,0,0
1637178089611,3,Petición HTTP,200,OK,final_test 1-21,text,true,,11228,116,17,17,http://192.168.100.4/,3,0,0
1637178089612,3,Petición HTTP,200,OK,final_test 1-15,text,true,,11228,116,18,18,http://192.168.100.4/,2,0,0
1637178089612,3,Petición HTTP,200,OK,final_test 1-19,text,true,,11228,116,18,18,http://192.168.100.4/,3,0,0
1637178089613,3,Petición HTTP,200,OK,final_test 1-23,text,true,,11229,116,18,18,http://192.168.100.4/,3,0,1
1637178089615,2,Petición HTTP,200,OK,final_test 1-15,text,true,,11228,116,18,18,http://192.168.100.4/,2,0,0
1637178089615,3,Petición HTTP,200,OK,final_test 1-19,text,true,,11228,116,17,17,http://192.168.100.4/,3,0,0
1637178089615,3,Petición HTTP,200,OK,final_test 1-24,text,true,,11229,116,16,16,http://192.168.100.4/,3,0,1
1637178089616,3,Petición HTTP,200,OK,final_test 1-23,text,true,,11228,116,16,16,http://192.168.100.4/,2,0,0
1637178089606,14,Petición HTTP,200,OK,final_test 1-22,text,true,,11228,116,16,16,http://192.168.100.4/,13,0,0
1637178089613,9,Petición HTTP,200,OK,final_test 1-20,text,true,,11228,116,16,16,http://192.168.100.4/,9,0,0
1637178089614,8,Petición HTTP,200,OK,final_test 1-21,text,true,,11228,116,16,16,http://192.168.100.4/,8,0,0
1637178089589,34,Petición HTTP,200,OK,final_test 1-17,text,true,,11228,116,14,14,http://192.168.100.4/,30,0,0
1637178089619,4,Petición HTTP,200,OK,final_test 1-24,text,true,,11228,116,14,14,http://192.168.100.4/,4,0,0
1637178089619,5,Petición HTTP,200,OK,final_test 1-23,text,true,,11228,116,14,14,http://192.168.100.4/,5,0,0
1637178089611,13,Petición HTTP,200,OK,final_test 1-16,text,true,,11228,116,15,15,http://192.168.100.4/,9,0,0
1637178089623,3,Petición HTTP,200,OK,final_test 1-24,text,true,,11228,116,15,15,http://192.168.100.4/,3,0,0
1637178089624,3,Petición HTTP,200,OK,final_test 1-23,text,true,,11228,116,15,15,http://192.168.100.4/,3,0,0
1637178089620,7,Petición HTTP,200,OK,final_test 1-22,text,true,,11228,116,15,15,http://192.168.100.4/,4,0,0
1637178089590,38,Petición HTTP,200,OK,final_test 1-18,text,true,,11228,116,15,15,http://192.168.100.4/,30,0,0
1637178089589,40,Petición HTTP,200,OK,final_test 1-7,text,true,,11228,116,15,15,http://192.168.100.4/,31,0,0
1637178089589,41,Petición HTTP,200,OK,final_test 1-11,text,true,,11228,116,15,15,http://192.168.100.4/,31,0,0
1637178089590,40,Petición HTTP,200,OK,final_test 1-8,text,true,,11228,116,14,14,http://192.168.100.4/,31,0,0
1637178089591,40,Petición HTTP,200,OK,final_test 1-6,text,true,,11228,116,12,12,http://192.168.100.4/,30,0,0
1637178089593,38,Petición HTTP,200,OK,final_test 1-13,text,true,,11228,116,12,12,http://192.168.100.4/,28,0,0
1637178089593,39,Petición HTTP,200,OK,final_test 1-2,text,true,,11228,116,10,10,http://192.168.100.4/,28,0,0
1637178089599,33,Petición HTTP,200,OK,final_test 1-5,text,true,,11228,116,10,10,http://192.168.100.4/,23,0,0
1637178089595,37,Petición HTTP,200,OK,final_test 1-12,text,true,,11228,116,10,10,http://192.168.100.4/,27,0,0
1637178089624,8,Petición HTTP,200,OK,final_test 1-16,text,true,,11228,116,9,9,http://192.168.100.4/,4,0,0
1637178089623,11,Petición HTTP,200,OK,final_test 1-17,text,true,,11228,116,6,6,http://192.168.100.4/,3,0,0
1637178089626,9,Petición HTTP,200,OK,final_test 1-24,text,true,,11228,116,7,7,http://192.168.100.4/,4,0,0
1637178089626,10,Petición HTTP,200,OK,final_test 1-25,text,true,,11229,116,7,7,http://192.168.100.4/,10,0,3
1637178089627,11,Petición HTTP,200,OK,final_test 1-22,text,true,,11228,116,7,7,http://192.168.100.4/,9,0,0
1637178089629,9,Petición HTTP,200,OK,final_test 1-18,text,true,,11228,116,7,7,http://192.168.100.4/,6,0,0
1637178089627,11,Petición HTTP,200,OK,final_test 1-23,text,true,,11228,116,7,7,http://192.168.100.4/,5,0,0
1637178089635,4,Petición HTTP,200,OK,final_test 1-24,text,true,,11228,116,6,6,http://192.168.100.4/,4,0,0
1637178089636,3,Petición HTTP,200,OK,final_test 1-25,text,true,,11228,116,6,6,http://192.168.100.4/,3,0,0
1637178089638,2,Petición HTTP,200,OK,final_test 1-22,text,true,,11228,116,5,5,http://192.168.100.4/,1,0,0
1637178089638,2,Petición HTTP,200,OK,final_test 1-18,text,true,,11228,116,4,4,http://192.168.100.4/,1,0,0
1637178089634,6,Petición HTTP,200,OK,final_test 1-17,text,true,,11228,116,4,4,http://192.168.100.4/,5,0,0
1637178089636,4,Petición HTTP,200,OK,final_test 1-26,text,true,,11229,116,4,4,http://192.168.100.4/,4,0,2
1637178089639,2,Petición HTTP,200,OK,final_test 1-25,text,true,,11228,116,4,4,http://192.168.100.4/,2,0,0
1637178089640,2,Petición HTTP,200,OK,final_test 1-18,text,true,,11228,116,4,4,http://192.168.100.4/,2,0,0
1637178089640,3,Petición HTTP,200,OK,final_test 1-17,text,true,,11228,116,3,3,http://192.168.100.4/,3,0,0
1637178089640,3,Petición HTTP,200,OK,final_test 1-26,text,true,,11228,116,2,2,http://192.168.100.4/,3,0,0
1637178089642,2,Petición HTTP,200,OK,final_test 1-25,text,true,,11228,116,2,2,http://192.168.100.4/,2,0,0
1637178089644,2,Petición HTTP,200,OK,final_test 1-25,text,true,,11228,116,2,2,http://192.168.100.4/,2,0,0
1637178089644,2,Petición HTTP,200,OK,final_test 1-26,text,true,,11228,116,1,1,http://192.168.100.4/,2,0,0
1637178089647,1,Petición HTTP,200,OK,final_test 1-26,text,true,,11228,116,2,2,http://192.168.100.4/,1,0,0
1637178089648,1,Petición HTTP,200,OK,final_test 1-26,text,true,,11228,116,2,2,http://192.168.100.4/,1,0,0
1637178089649,2,Petición HTTP,200,OK,final_test 1-27,text,true,,11229,116,2,2,http://192.168.100.4/,2,0,2
1637178089652,1,Petición HTTP,200,OK,final_test 1-27,text,true,,11228,116,2,2,http://192.168.100.4/,1,0,0
1637178089651,2,Petición HTTP,200,OK,final_test 1-28,text,true,,11229,116,2,2,http://192.168.100.4/,2,0,1
1637178089653,1,Petición HTTP,200,OK,final_test 1-27,text,true,,11228,116,2,2,http://192.168.100.4/,1,0,0
1637178089654,0,Petición HTTP,200,OK,final_test 1-28,text,true,,11228,116,2,2,http://192.168.100.4/,0,0,0
1637178089654,1,Petición HTTP,200,OK,final_test 1-27,text,true,,11228,116,2,2,http://192.168.100.4/,1,0,0
1637178089654,2,Petición HTTP,200,OK,final_test 1-28,text,true,,11228,116,2,2,http://192.168.100.4/,1,0,0
1637178089655,1,Petición HTTP,200,OK,final_test 1-27,text,true,,11228,116,2,2,http://192.168.100.4/,1,0,0
1637178089656,1,Petición HTTP,200,OK,final_test 1-28,text,true,,11228,116,1,1,http://192.168.100.4/,1,0,0
1637178089657,1,Petición HTTP,200,OK,final_test 1-28,text,true,,11228,116,1,1,http://192.168.100.4/,1,0,0
1637178089659,3,Petición HTTP,200,OK,final_test 1-29,text,true,,11229,116,1,1,http://192.168.100.4/,3,0,1
1637178089662,1,Petición HTTP,200,OK,final_test 1-29,text,true,,11228,116,1,1,http://192.168.100.4/,1,0,0
1637178089663,1,Petición HTTP,200,OK,final_test 1-29,text,true,,11228,116,1,1,http://192.168.100.4/,1,0,0
1637178089665,1,Petición HTTP,200,OK,final_test 1-29,text,true,,11228,116,1,1,http://192.168.100.4/,1,0,0
1637178089666,2,Petición HTTP,200,OK,final_test 1-29,text,true,,11228,116,1,1,http://192.168.100.4/,1,0,0
1637178089669,2,Petición HTTP,200,OK,final_test 1-30,text,true,,11229,116,1,1,http://192.168.100.4/,2,0,1
1637178089671,1,Petición HTTP,200,OK,final_test 1-30,text,true,,11228,116,1,1,http://192.168.100.4/,1,0,0
1637178089673,1,Petición HTTP,200,OK,final_test 1-30,text,true,,11228,116,1,1,http://192.168.100.4/,1,0,0
1637178089674,1,Petición HTTP,200,OK,final_test 1-30,text,true,,11228,116,1,1,http://192.168.100.4/,1,0,0
1637178089675,1,Petición HTTP,200,OK,final_test 1-30,text,true,,11228,116,1,1,http://192.168.100.4/,1,0,0
1637178089678,2,Petición HTTP,200,OK,final_test 1-31,text,true,,11229,116,1,1,http://192.168.100.4/,2,0,1
1637178089680,2,Petición HTTP,200,OK,final_test 1-31,text,true,,11228,116,1,1,http://192.168.100.4/,2,0,0
1637178089682,1,Petición HTTP,200,OK,final_test 1-31,text,true,,11228,116,1,1,http://192.168.100.4/,1,0,0
1637178089683,1,Petición HTTP,200,OK,final_test 1-31,text,true,,11228,116,1,1,http://192.168.100.4/,1,0,0
1637178089684,1,Petición HTTP,200,OK,final_test 1-31,text,true,,11228,116,1,1,http://192.168.100.4/,1,0,0
1637178089689,2,Petición HTTP,200,OK,final_test 1-32,text,true,,11229,116,1,1,http://192.168.100.4/,2,0,1
1637178089691,1,Petición HTTP,200,OK,final_test 1-32,text,true,,11228,116,1,1,http://192.168.100.4/,1,0,0
1637178089693,1,Petición HTTP,200,OK,final_test 1-32,text,true,,11228,116,1,1,http://192.168.100.4/,1,0,0
1637178089694,1,Petición HTTP,200,OK,final_test 1-32,text,true,,11228,116,1,1,http://192.168.100.4/,1,0,0
1637178089695,2,Petición HTTP,200,OK,final_test 1-32,text,true,,11228,116,1,1,http://192.168.100.4/,1,0,0
1637178089698,2,Petición HTTP,200,OK,final_test 1-33,text,true,,11229,116,1,1,http://192.168.100.4/,2,0,1
1637178089700,2,Petición HTTP,200,OK,final_test 1-33,text,true,,11228,116,1,1,http://192.168.100.4/,2,0,0
1637178089702,1,Petición HTTP,200,OK,final_test 1-33,text,true,,11228,116,1,1,http://192.168.100.4/,1,0,0
1637178089703,1,Petición HTTP,200,OK,final_test 1-33,text,true,,11228,116,1,1,http://192.168.100.4/,1,0,0
1637178089704,2,Petición HTTP,200,OK,final_test 1-33,text,true,,11228,116,1,1,http://192.168.100.4/,1,0,0
1637178089716,2,Petición HTTP,200,OK,final_test 1-34,text,true,,11229,116,1,1,http://192.168.100.4/,2,0,1
1637178089718,1,Petición HTTP,200,OK,final_test 1-34,text,true,,11228,116,1,1,http://192.168.100.4/,1,0,0
1637178089719,1,Petición HTTP,200,OK,final_test 1-34,text,true,,11228,116,1,1,http://192.168.100.4/,1,0,0
1637178089721,1,Petición HTTP,200,OK,final_test 1-34,text,true,,11228,116,1,1,http://192.168.100.4/,1,0,0
1637178089722,1,Petición HTTP,200,OK,final_test 1-34,text,true,,11228,116,1,1,http://192.168.100.4/,1,0,0
1637178089726,2,Petición HTTP,200,OK,final_test 1-35,text,true,,11229,116,1,1,http://192.168.100.4/,2,0,0
1637178089728,2,Petición HTTP,200,OK,final_test 1-35,text,true,,11228,116,1,1,http://192.168.100.4/,2,0,0
1637178089730,1,Petición HTTP,200,OK,final_test 1-35,text,true,,11228,116,1,1,http://192.168.100.4/,1,0,0
1637178089732,1,Petición HTTP,200,OK,final_test 1-35,text,true,,11228,116,1,1,http://192.168.100.4/,1,0,0
1637178089733,1,Petición HTTP,200,OK,final_test 1-35,text,true,,11228,116,1,1,http://192.168.100.4/,1,0,0
1637178089744,22,Petición HTTP,200,OK,final_test 1-36,text,true,,11229,116,2,2,http://192.168.100.4/,20,0,7
1637178089767,9,Petición HTTP,200,OK,final_test 1-37,text,true,,11229,116,3,3,http://192.168.100.4/,9,0,4
1637178089766,14,Petición HTTP,200,OK,final_test 1-36,text,true,,11228,116,3,3,http://192.168.100.4/,8,0,0
1637178089771,12,Petición HTTP,200,OK,final_test 1-38,text,true,,11229,116,4,4,http://192.168.100.4/,8,0,2
1637178089776,10,Petición HTTP,200,OK,final_test 1-37,text,true,,11228,116,4,4,http://192.168.100.4/,6,0,0
1637178089780,18,Petición HTTP,200,OK,final_test 1-36,text,true,,11228,116,5,5,http://192.168.100.4/,7,0,0
1637178089783,16,Petición HTTP,200,OK,final_test 1-38,text,true,,11228,116,5,5,http://192.168.100.4/,6,0,0
1637178089784,15,Petición HTTP,200,OK,final_test 1-39,text,true,,11229,116,5,5,http://192.168.100.4/,15,0,13
1637178089787,16,Petición HTTP,200,OK,final_test 1-37,text,true,,11228,116,5,5,http://192.168.100.4/,11,0,0
1637178089800,3,Petición HTTP,200,OK,final_test 1-39,text,true,,11228,116,5,5,http://192.168.100.4/,3,0,0
1637178089798,10,Petición HTTP,200,OK,final_test 1-36,text,true,,11228,116,6,6,http://192.168.100.4/,4,0,0
1637178089799,19,Petición HTTP,200,OK,final_test 1-38,text,true,,11228,116,7,7,http://192.168.100.4/,4,0,0
1637178089797,22,Petición HTTP,200,OK,final_test 1-40,text,true,,11229,116,7,7,http://192.168.100.4/,13,0,6
1637178089804,16,Petición HTTP,200,OK,final_test 1-37,text,true,,11228,116,7,7,http://192.168.100.4/,6,0,0
1637178089804,17,Petición HTTP,200,OK,final_test 1-39,text,true,,11228,116,7,7,http://192.168.100.4/,6,0,0
1637178089808,18,Petición HTTP,200,OK,final_test 1-36,text,true,,11228,116,7,7,http://192.168.100.4/,7,0,0
1637178089812,15,Petición HTTP,200,OK,final_test 1-42,text,true,,11229,116,6,6,http://192.168.100.4/,12,0,5
1637178089818,11,Petición HTTP,200,OK,final_test 1-38,text,true,,11228,116,6,6,http://192.168.100.4/,7,0,0
1637178089805,24,Petición HTTP,200,OK,final_test 1-41,text,true,,11229,116,6,6,http://192.168.100.4/,14,0,7
1637178089821,10,Petición HTTP,200,OK,final_test 1-39,text,true,,11228,116,6,6,http://192.168.100.4/,5,0,0
1637178089819,12,Petición HTTP,200,OK,final_test 1-40,text,true,,11228,116,6,6,http://192.168.100.4/,6,0,0
1637178089820,12,Petición HTTP,200,OK,final_test 1-37,text,true,,11228,116,6,6,http://192.168.100.4/,6,0,0
1637178089833,7,Petición HTTP,200,OK,final_test 1-43,text,true,,11229,116,7,7,http://192.168.100.4/,7,0,1
1637178089840,2,Petición HTTP,200,OK,final_test 1-43,text,true,,11228,116,7,7,http://192.168.100.4/,1,0,0
1637178089837,5,Petición HTTP,200,OK,final_test 1-44,text,true,,11229,116,7,7,http://192.168.100.4/,5,0,1
1637178089827,16,Petición HTTP,200,OK,final_test 1-42,text,true,,11228,116,7,7,http://192.168.100.4/,15,0,0
1637178089842,4,Petición HTTP,200,OK,final_test 1-43,text,true,,11228,116,8,8,http://192.168.100.4/,4,0,0
1637178089842,5,Petición HTTP,200,OK,final_test 1-44,text,true,,11228,116,8,8,http://192.168.100.4/,5,0,0
1637178089831,19,Petición HTTP,200,OK,final_test 1-39,text,true,,11228,116,9,9,http://192.168.100.4/,14,0,0
1637178089843,8,Petición HTTP,200,OK,final_test 1-42,text,true,,11228,116,9,9,http://192.168.100.4/,5,0,0
1637178089829,24,Petición HTTP,200,OK,final_test 1-38,text,true,,11228,116,9,9,http://192.168.100.4/,14,0,0
1637178089846,8,Petición HTTP,200,OK,final_test 1-43,text,true,,11228,116,8,8,http://192.168.100.4/,6,0,0
1637178089832,22,Petición HTTP,200,OK,final_test 1-40,text,true,,11228,116,8,8,http://192.168.100.4/,13,0,0
1637178089830,24,Petición HTTP,200,OK,final_test 1-41,text,true,,11228,116,8,8,http://192.168.100.4/,18,0,0
1637178089847,7,Petición HTTP,200,OK,final_test 1-44,text,true,,11228,116,8,8,http://192.168.100.4/,5,0,0
1637178089849,6,Petición HTTP,200,OK,final_test 1-46,text,true,,11229,116,8,8,http://192.168.100.4/,6,0,4
1637178089852,8,Petición HTTP,200,OK,final_test 1-42,text,true,,11228,116,8,8,http://192.168.100.4/,4,0,0
1637178089845,15,Petición HTTP,200,OK,final_test 1-45,text,true,,11229,116,8,8,http://192.168.100.4/,10,0,6
1637178089854,9,Petición HTTP,200,OK,final_test 1-43,text,true,,11228,116,8,8,http://192.168.100.4/,8,0,0
1637178089854,9,Petición HTTP,200,OK,final_test 1-40,text,true,,11228,116,7,7,http://192.168.100.4/,8,0,0
1637178089861,3,Petición HTTP,200,OK,final_test 1-42,text,true,,11228,116,7,7,http://192.168.100.4/,2,0,0
1637178089852,13,Petición HTTP,200,OK,final_test 1-47,text,true,,11229,116,7,7,http://192.168.100.4/,12,0,11
1637178089863,4,Petición HTTP,200,OK,final_test 1-40,text,true,,11228,116,7,7,http://192.168.100.4/,3,0,0
1637178089855,13,Petición HTTP,200,OK,final_test 1-44,text,true,,11228,116,6,6,http://192.168.100.4/,12,0,0
1637178089855,13,Petición HTTP,200,OK,final_test 1-41,text,true,,11228,116,6,6,http://192.168.100.4/,12,0,0
1637178089856,12,Petición HTTP,200,OK,final_test 1-46,text,true,,11228,116,6,6,http://192.168.100.4/,11,0,0
1637178089861,7,Petición HTTP,200,OK,final_test 1-45,text,true,,11228,116,6,6,http://192.168.100.4/,7,0,0
1637178089865,4,Petición HTTP,200,OK,final_test 1-47,text,true,,11228,116,6,6,http://192.168.100.4/,4,0,0
1637178089870,0,Petición HTTP,200,OK,final_test 1-47,text,true,,11228,116,6,6,http://192.168.100.4/,0,0,0
1637178089865,6,Petición HTTP,200,OK,final_test 1-48,text,true,,11229,116,6,6,http://192.168.100.4/,6,0,2
1637178089870,2,Petición HTTP,200,OK,final_test 1-47,text,true,,11228,116,6,6,http://192.168.100.4/,2,0,0
1637178089868,5,Petición HTTP,200,OK,final_test 1-46,text,true,,11228,116,6,6,http://192.168.100.4/,5,0,0
1637178089871,2,Petición HTTP,200,OK,final_test 1-48,text,true,,11228,116,6,6,http://192.168.100.4/,2,0,0
1637178089868,6,Petición HTTP,200,OK,final_test 1-44,text,true,,11228,116,6,6,http://192.168.100.4/,6,0,0
1637178089869,6,Petición HTTP,200,OK,final_test 1-45,text,true,,11228,116,5,5,http://192.168.100.4/,5,0,0
1637178089873,2,Petición HTTP,200,OK,final_test 1-46,text,true,,11228,116,5,5,http://192.168.100.4/,2,0,0
1637178089875,1,Petición HTTP,200,OK,final_test 1-45,text,true,,11228,116,5,5,http://192.168.100.4/,1,0,0
1637178089875,1,Petición HTTP,200,OK,final_test 1-46,text,true,,11228,116,5,5,http://192.168.100.4/,1,0,0
1637178089868,9,Petición HTTP,200,OK,final_test 1-41,text,true,,11228,116,4,4,http://192.168.100.4/,9,0,0
1637178089876,3,Petición HTTP,200,OK,final_test 1-45,text,true,,11228,116,4,4,http://192.168.100.4/,2,0,0
1637178089877,2,Petición HTTP,200,OK,final_test 1-41,text,true,,11228,116,3,3,http://192.168.100.4/,2,0,0
1637178089872,8,Petición HTTP,200,OK,final_test 1-47,text,true,,11228,116,2,2,http://192.168.100.4/,8,0,0
1637178089873,8,Petición HTTP,200,OK,final_test 1-48,text,true,,11228,116,1,1,http://192.168.100.4/,8,0,0
1637178089882,1,Petición HTTP,200,OK,final_test 1-48,text,true,,11228,116,1,1,http://192.168.100.4/,1,0,0
1637178089883,1,Petición HTTP,200,OK,final_test 1-48,text,true,,11228,116,1,1,http://192.168.100.4/,1,0,0
1637178089887,2,Petición HTTP,200,OK,final_test 1-49,text,true,,11229,116,1,1,http://192.168.100.4/,2,0,1
1637178089889,1,Petición HTTP,200,OK,final_test 1-49,text,true,,11228,116,1,1,http://192.168.100.4/,1,0,0
1637178089890,1,Petición HTTP,200,OK,final_test 1-49,text,true,,11228,116,1,1,http://192.168.100.4/,1,0,0
1637178089893,3,Petición HTTP,200,OK,final_test 1-50,text,true,,11229,116,3,3,http://192.168.100.4/,3,0,0
1637178089896,1,Petición HTTP,200,OK,final_test 1-50,text,true,,11228,116,3,3,http://192.168.100.4/,1,0,0
1637178089891,7,Petición HTTP,200,OK,final_test 1-49,text,true,,11228,116,3,3,http://192.168.100.4/,7,0,0
1637178089896,2,Petición HTTP,200,OK,final_test 1-51,text,true,,11229,116,3,3,http://192.168.100.4/,2,0,1
1637178089897,2,Petición HTTP,200,OK,final_test 1-50,text,true,,11228,116,3,3,http://192.168.100.4/,2,0,0
1637178089898,1,Petición HTTP,200,OK,final_test 1-49,text,true,,11228,116,3,3,http://192.168.100.4/,1,0,0
1637178089898,1,Petición HTTP,200,OK,final_test 1-51,text,true,,11228,116,2,2,http://192.168.100.4/,1,0,0
1637178089899,1,Petición HTTP,200,OK,final_test 1-50,text,true,,11228,116,2,2,http://192.168.100.4/,1,0,0
1637178089900,1,Petición HTTP,200,OK,final_test 1-51,text,true,,11228,116,3,3,http://192.168.100.4/,1,0,0
1637178089900,2,Petición HTTP,200,OK,final_test 1-50,text,true,,11228,116,3,3,http://192.168.100.4/,2,0,0
1637178089902,1,Petición HTTP,200,OK,final_test 1-51,text,true,,11228,116,2,2,http://192.168.100.4/,1,0,0
1637178089903,2,Petición HTTP,200,OK,final_test 1-51,text,true,,11228,116,2,2,http://192.168.100.4/,2,0,0
1637178089901,6,Petición HTTP,200,OK,final_test 1-52,text,true,,11229,116,1,1,http://192.168.100.4/,6,0,3
1637178089907,1,Petición HTTP,200,OK,final_test 1-52,text,true,,11228,116,1,1,http://192.168.100.4/,1,0,0
1637178089909,1,Petición HTTP,200,OK,final_test 1-52,text,true,,11228,116,1,1,http://192.168.100.4/,1,0,0
1637178089910,2,Petición HTTP,200,OK,final_test 1-52,text,true,,11228,116,1,1,http://192.168.100.4/,2,0,0
1637178089912,1,Petición HTTP,200,OK,final_test 1-52,text,true,,11228,116,2,2,http://192.168.100.4/,1,0,0
1637178089912,3,Petición HTTP,200,OK,final_test 1-53,text,true,,11229,116,1,1,http://192.168.100.4/,3,0,1
1637178089915,1,Petición HTTP,200,OK,final_test 1-53,text,true,,11228,116,1,1,http://192.168.100.4/,1,0,0
1637178089916,2,Petición HTTP,200,OK,final_test 1-53,text,true,,11228,116,1,1,http://192.168.100.4/,2,0,0
1637178089918,1,Petición HTTP,200,OK,final_test 1-53,text,true,,11228,116,1,1,http://192.168.100.4/,1,0,0
1637178089919,1,Petición HTTP,200,OK,final_test 1-53,text,true,,11228,116,1,1,http://192.168.100.4/,1,0,0
1637178089922,1,Petición HTTP,200,OK,final_test 1-54,text,true,,11229,116,1,1,http://192.168.100.4/,1,0,0
1637178089924,1,Petición HTTP,200,OK,final_test 1-54,text,true,,11228,116,1,1,http://192.168.100.4/,0,0,0
1637178089925,1,Petición HTTP,200,OK,final_test 1-54,text,true,,11228,116,1,1,http://192.168.100.4/,1,0,0
1637178089926,2,Petición HTTP,200,OK,final_test 1-54,text,true,,11228,116,1,1,http://192.168.100.4/,2,0,0
1637178089928,1,Petición HTTP,200,OK,final_test 1-54,text,true,,11228,116,1,1,http://192.168.100.4/,1,0,0
1637178089932,2,Petición HTTP,200,OK,final_test 1-55,text,true,,11229,116,1,1,http://192.168.100.4/,2,0,1
1637178089934,2,Petición HTTP,200,OK,final_test 1-55,text,true,,11228,116,1,1,http://192.168.100.4/,2,0,0
1637178089936,1,Petición HTTP,200,OK,final_test 1-55,text,true,,11228,116,1,1,http://192.168.100.4/,1,0,0
1637178089938,1,Petición HTTP,200,OK,final_test 1-55,text,true,,11228,116,1,1,http://192.168.100.4/,1,0,0
1637178089939,1,Petición HTTP,200,OK,final_test 1-55,text,true,,11228,116,1,1,http://192.168.100.4/,1,0,0
1637178089942,5,Petición HTTP,200,OK,final_test 1-56,text,true,,11229,116,1,1,http://192.168.100.4/,5,0,1
1637178089947,2,Petición HTTP,200,OK,final_test 1-56,text,true,,11228,116,1,1,http://192.168.100.4/,2,0,0
1637178089949,1,Petición HTTP,200,OK,final_test 1-56,text,true,,11228,116,1,1,http://192.168.100.4/,1,0,0
1637178089950,1,Petición HTTP,200,OK,final_test 1-56,text,true,,11228,116,2,2,http://192.168.100.4/,1,0,0
1637178089952,1,Petición HTTP,200,OK,final_test 1-56,text,true,,11228,116,2,2,http://192.168.100.4/,1,0,0
1637178089955,2,Petición HTTP,200,OK,final_test 1-57,text,true,,11229,116,1,1,http://192.168.100.4/,2,0,1
1637178089958,0,Petición HTTP,200,OK,final_test 1-57,text,true,,11228,116,1,1,http://192.168.100.4/,0,0,0
1637178089959,1,Petición HTTP,200,OK,final_test 1-57,text,true,,11228,116,1,1,http://192.168.100.4/,1,0,0
1637178089960,2,Petición HTTP,200,OK,final_test 1-57,text,true,,11228,116,1,1,http://192.168.100.4/,2,0,0
1637178089962,1,Petición HTTP,200,OK,final_test 1-57,text,true,,11228,116,1,1,http://192.168.100.4/,1,0,0
1637178089966,3,Petición HTTP,200,OK,final_test 1-58,text,true,,11229,116,1,1,http://192.168.100.4/,3,0,0
1637178089970,1,Petición HTTP,200,OK,final_test 1-58,text,true,,11228,116,1,1,http://192.168.100.4/,1,0,0
1637178089971,1,Petición HTTP,200,OK,final_test 1-58,text,true,,11228,116,2,2,http://192.168.100.4/,1,0,0
1637178089972,2,Petición HTTP,200,OK,final_test 1-58,text,true,,11228,116,2,2,http://192.168.100.4/,2,0,0
1637178089972,3,Petición HTTP,200,OK,final_test 1-59,text,true,,11229,116,2,2,http://192.168.100.4/,3,0,2
1637178089974,2,Petición HTTP,200,OK,final_test 1-58,text,true,,11228,116,2,2,http://192.168.100.4/,2,0,0
1637178089975,3,Petición HTTP,200,OK,final_test 1-59,text,true,,11228,116,1,1,http://192.168.100.4/,3,0,0
1637178089978,2,Petición HTTP,200,OK,final_test 1-59,text,true,,11228,116,1,1,http://192.168.100.4/,1,0,0
1637178089980,1,Petición HTTP,200,OK,final_test 1-59,text,true,,11228,116,2,2,http://192.168.100.4/,1,0,0
1637178089981,4,Petición HTTP,200,OK,final_test 1-59,text,true,,11228,116,2,2,http://192.168.100.4/,3,0,0
1637178089982,4,Petición HTTP,200,OK,final_test 1-60,text,true,,11229,116,1,1,http://192.168.100.4/,4,0,1
1637178089986,2,Petición HTTP,200,OK,final_test 1-60,text,true,,11228,116,1,1,http://192.168.100.4/,2,0,0
1637178089988,2,Petición HTTP,200,OK,final_test 1-60,text,true,,11228,116,1,1,http://192.168.100.4/,2,0,0
1637178089990,1,Petición HTTP,200,OK,final_test 1-60,text,true,,11228,116,2,2,http://192.168.100.4/,1,0,0
1637178089991,2,Petición HTTP,200,OK,final_test 1-60,text,true,,11228,116,2,2,http://192.168.100.4/,1,0,0
1637178089992,5,Petición HTTP,200,OK,final_test 1-61,text,true,,11229,116,1,1,http://192.168.100.4/,5,0,3
1637178089997,5,Petición HTTP,200,OK,final_test 1-61,text,true,,11228,116,1,1,http://192.168.100.4/,5,0,0
1637178090003,3,Petición HTTP,200,OK,final_test 1-62,text,true,,11229,116,2,2,http://192.168.100.4/,3,0,2
1637178090006,1,Petición HTTP,200,OK,final_test 1-62,text,true,,11228,116,2,2,http://192.168.100.4/,1,0,0
1637178090007,1,Petición HTTP,200,OK,final_test 1-62,text,true,,11228,116,2,2,http://192.168.100.4/,1,0,0
1637178090008,2,Petición HTTP,200,OK,final_test 1-62,text,true,,11228,116,2,2,http://192.168.100.4/,2,0,0
1637178090010,2,Petición HTTP,200,OK,final_test 1-62,text,true,,11228,116,2,2,http://192.168.100.4/,1,0,0
1637178090010,3,Petición HTTP,200,OK,final_test 1-61,text,true,,11228,116,1,1,http://192.168.100.4/,2,0,0
1637178090013,1,Petición HTTP,200,OK,final_test 1-61,text,true,,11228,116,1,1,http://192.168.100.4/,1,0,0
1637178090015,1,Petición HTTP,200,OK,final_test 1-61,text,true,,11228,116,1,1,http://192.168.100.4/,1,0,0
1637178090021,3,Petición HTTP,200,OK,final_test 1-63,text,true,,11229,116,1,1,http://192.168.100.4/,3,0,1
1637178090024,2,Petición HTTP,200,OK,final_test 1-63,text,true,,11228,116,1,1,http://192.168.100.4/,2,0,0
1637178090026,3,Petición HTTP,200,OK,final_test 1-63,text,true,,11228,116,1,1,http://192.168.100.4/,3,0,0
1637178090029,2,Petición HTTP,200,OK,final_test 1-63,text,true,,11228,116,1,1,http://192.168.100.4/,2,0,0
1637178090031,3,Petición HTTP,200,OK,final_test 1-63,text,true,,11228,116,2,2,http://192.168.100.4/,3,0,0
1637178090034,4,Petición HTTP,200,OK,final_test 1-64,text,true,,11229,116,1,1,http://192.168.100.4/,4,0,2
1637178090039,1,Petición HTTP,200,OK,final_test 1-64,text,true,,11228,116,1,1,http://192.168.100.4/,1,0,0
1637178090040,2,Petición HTTP,200,OK,final_test 1-64,text,true,,11228,116,1,1,http://192.168.100.4/,2,0,0
1637178090042,1,Petición HTTP,200,OK,final_test 1-64,text,true,,11228,116,2,2,http://192.168.100.4/,1,0,0
1637178090043,9,Petición HTTP,200,OK,final_test 1-64,text,true,,11228,116,3,3,http://192.168.100.4/,2,0,0
1637178090046,9,Petición HTTP,200,OK,final_test 1-65,text,true,,11229,116,3,3,http://192.168.100.4/,8,0,6
1637178090052,3,Petición HTTP,200,OK,final_test 1-66,text,true,,11229,116,3,3,http://192.168.100.4/,3,0,1
1637178090055,1,Petición HTTP,200,OK,final_test 1-65,text,true,,11228,116,3,3,http://192.168.100.4/,1,0,0
1637178090055,2,Petición HTTP,200,OK,final_test 1-66,text,true,,11228,116,3,3,http://192.168.100.4/,2,0,0
1637178090056,3,Petición HTTP,200,OK,final_test 1-65,text,true,,11228,116,3,3,http://192.168.100.4/,3,0,0
1637178090057,2,Petición HTTP,200,OK,final_test 1-66,text,true,,11228,116,3,3,http://192.168.100.4/,2,0,0
1637178090056,6,Petición HTTP,200,OK,final_test 1-67,text,true,,11229,116,3,3,http://192.168.100.4/,5,0,3
1637178090059,4,Petición HTTP,200,OK,final_test 1-66,text,true,,11228,116,3,3,http://192.168.100.4/,4,0,0
1637178090062,2,Petición HTTP,200,OK,final_test 1-67,text,true,,11228,116,3,3,http://192.168.100.4/,2,0,0
1637178090063,2,Petición HTTP,200,OK,final_test 1-66,text,true,,11228,116,3,3,http://192.168.100.4/,2,0,0
1637178090064,2,Petición HTTP,200,OK,final_test 1-67,text,true,,11228,116,2,2,http://192.168.100.4/,2,0,0
1637178090059,7,Petición HTTP,200,OK,final_test 1-65,text,true,,11228,116,2,2,http://192.168.100.4/,7,0,0
1637178090066,1,Petición HTTP,200,OK,final_test 1-67,text,true,,11228,116,2,2,http://192.168.100.4/,1,0,0
1637178090066,2,Petición HTTP,200,OK,final_test 1-65,text,true,,11228,116,2,2,http://192.168.100.4/,2,0,0
1637178090067,1,Petición HTTP,200,OK,final_test 1-67,text,true,,11228,116,1,1,http://192.168.100.4/,1,0,0
1637178090070,2,Petición HTTP,200,OK,final_test 1-68,text,true,,11229,116,2,2,http://192.168.100.4/,2,0,1
1637178090071,2,Petición HTTP,200,OK,final_test 1-69,text,true,,11229,116,2,2,http://192.168.100.4/,2,0,1
1637178090073,1,Petición HTTP,200,OK,final_test 1-68,text,true,,11228,116,2,2,http://192.168.100.4/,1,0,0
1637178090073,2,Petición HTTP,200,OK,final_test 1-69,text,true,,11228,116,2,2,http://192.168.100.4/,2,0,0
1637178090075,1,Petición HTTP,200,OK,final_test 1-68,text,true,,11228,116,2,2,http://192.168.100.4/,0,0,0
1637178090075,2,Petición HTTP,200,OK,final_test 1-69,text,true,,11228,116,2,2,http://192.168.100.4/,1,0,0
1637178090076,2,Petición HTTP,200,OK,final_test 1-68,text,true,,11228,116,2,2,http://192.168.100.4/,2,0,0
1637178090077,1,Petición HTTP,200,OK,final_test 1-69,text,true,,11228,116,2,2,http://192.168.100.4/,1,0,0
1637178090078,1,Petición HTTP,200,OK,final_test 1-68,text,true,,11228,116,2,2,http://192.168.100.4/,1,0,0
1637178090078,2,Petición HTTP,200,OK,final_test 1-69,text,true,,11228,116,1,1,http://192.168.100.4/,2,0,0
1637178090082,3,Petición HTTP,200,OK,final_test 1-70,text,true,,11229,116,1,1,http://192.168.100.4/,2,0,1
1637178090085,1,Petición HTTP,200,OK,final_test 1-70,text,true,,11228,116,1,1,http://192.168.100.4/,1,0,0
1637178090086,1,Petición HTTP,200,OK,final_test 1-70,text,true,,11228,116,1,1,http://192.168.100.4/,1,0,0
1637178090087,1,Petición HTTP,200,OK,final_test 1-70,text,true,,11228,116,1,1,http://192.168.100.4/,1,0,0
1637178090088,1,Petición HTTP,200,OK,final_test 1-70,text,true,,11228,116,1,1,http://192.168.100.4/,1,0,0
1637178090090,2,Petición HTTP,200,OK,final_test 1-71,text,true,,11229,116,1,1,http://192.168.100.4/,2,0,1
1637178090092,1,Petición HTTP,200,OK,final_test 1-71,text,true,,11228,116,1,1,http://192.168.100.4/,1,0,0
1637178090093,2,Petición HTTP,200,OK,final_test 1-71,text,true,,11228,116,1,1,http://192.168.100.4/,2,0,0
1637178090095,1,Petición HTTP,200,OK,final_test 1-71,text,true,,11228,116,1,1,http://192.168.100.4/,1,0,0
1637178090096,1,Petición HTTP,200,OK,final_test 1-71,text,true,,11228,116,1,1,http://192.168.100.4/,1,0,0
1637178090100,1,Petición HTTP,200,OK,final_test 1-72,text,true,,11229,116,1,1,http://192.168.100.4/,1,0,0
1637178090101,1,Petición HTTP,200,OK,final_test 1-72,text,true,,11228,116,1,1,http://192.168.100.4/,1,0,0
1637178090102,1,Petición HTTP,200,OK,final_test 1-72,text,true,,11228,116,1,1,http://192.168.100.4/,1,0,0
1637178090103,1,Petición HTTP,200,OK,final_test 1-72,text,true,,11228,116,1,1,http://192.168.100.4/,1,0,0
1637178090104,1,Petición HTTP,200,OK,final_test 1-72,text,true,,11228,116,1,1,http://192.168.100.4/,1,0,0
1637178090112,6,Petición HTTP,200,OK,final_test 1-73,text,true,,11229,116,1,1,http://192.168.100.4/,6,0,3
1637178090119,1,Petición HTTP,200,OK,final_test 1-73,text,true,,11228,116,2,2,http://192.168.100.4/,1,0,0
1637178090121,4,Petición HTTP,200,OK,final_test 1-73,text,true,,11228,116,2,2,http://192.168.100.4/,2,0,0
1637178090121,5,Petición HTTP,200,OK,final_test 1-74,text,true,,11229,116,2,2,http://192.168.100.4/,4,0,3
1637178090125,2,Petición HTTP,200,OK,final_test 1-73,text,true,,11228,116,2,2,http://192.168.100.4/,2,0,0
1637178090127,4,Petición HTTP,200,OK,final_test 1-73,text,true,,11228,116,3,3,http://192.168.100.4/,3,0,0
1637178090126,5,Petición HTTP,200,OK,final_test 1-74,text,true,,11228,116,2,2,http://192.168.100.4/,5,0,0
1637178090131,2,Petición HTTP,200,OK,final_test 1-74,text,true,,11228,116,2,2,http://192.168.100.4/,2,0,0
1637178090131,3,Petición HTTP,200,OK,final_test 1-75,text,true,,11229,116,2,2,http://192.168.100.4/,3,0,1
1637178090133,2,Petición HTTP,200,OK,final_test 1-74,text,true,,11228,116,2,2,http://192.168.100.4/,2,0,0
1637178090135,1,Petición HTTP,200,OK,final_test 1-75,text,true,,11228,116,2,2,http://192.168.100.4/,1,0,0
1637178090135,2,Petición HTTP,200,OK,final_test 1-74,text,true,,11228,116,2,2,http://192.168.100.4/,2,0,0
1637178090136,2,Petición HTTP,200,OK,final_test 1-75,text,true,,11228,116,1,1,http://192.168.100.4/,2,0,0
1637178090138,1,Petición HTTP,200,OK,final_test 1-75,text,true,,11228,116,1,1,http://192.168.100.4/,1,0,0
1637178090140,1,Petición HTTP,200,OK,final_test 1-75,text,true,,11228,116,2,2,http://192.168.100.4/,1,0,0
1637178090141,2,Petición HTTP,200,OK,final_test 1-76,text,true,,11229,116,1,1,http://192.168.100.4/,2,0,1
1637178090144,1,Petición HTTP,200,OK,final_test 1-76,text,true,,11228,116,1,1,http://192.168.100.4/,1,0,0
1637178090145,1,Petición HTTP,200,OK,final_test 1-76,text,true,,11228,116,1,1,http://192.168.100.4/,1,0,0
1637178090146,2,Petición HTTP,200,OK,final_test 1-76,text,true,,11228,116,1,1,http://192.168.100.4/,2,0,0
1637178090148,1,Petición HTTP,200,OK,final_test 1-76,text,true,,11228,116,1,1,http://192.168.100.4/,1,0,0
1637178090150,2,Petición HTTP,200,OK,final_test 1-77,text,true,,11229,116,1,1,http://192.168.100.4/,2,0,1
1637178090152,1,Petición HTTP,200,OK,final_test 1-77,text,true,,11228,116,1,1,http://192.168.100.4/,1,0,0
1637178090153,1,Petición HTTP,200,OK,final_test 1-77,text,true,,11228,116,1,1,http://192.168.100.4/,1,0,0
1637178090154,2,Petición HTTP,200,OK,final_test 1-77,text,true,,11228,116,1,1,http://192.168.100.4/,2,0,0
1637178090156,1,Petición HTTP,200,OK,final_test 1-77,text,true,,11228,116,1,1,http://192.168.100.4/,1,0,0
1637178090159,3,Petición HTTP,200,OK,final_test 1-78,text,true,,11229,116,1,1,http://192.168.100.4/,3,0,1
1637178090162,1,Petición HTTP,200,OK,final_test 1-78,text,true,,11228,116,1,1,http://192.168.100.4/,1,0,0
1637178090163,1,Petición HTTP,200,OK,final_test 1-78,text,true,,11228,116,1,1,http://192.168.100.4/,1,0,0
1637178090164,2,Petición HTTP,200,OK,final_test 1-78,text,true,,11228,116,1,1,http://192.168.100.4/,2,0,0
1637178090166,1,Petición HTTP,200,OK,final_test 1-78,text,true,,11228,116,1,1,http://192.168.100.4/,1,0,0
1637178090170,1,Petición HTTP,200,OK,final_test 1-79,text,true,,11229,116,1,1,http://192.168.100.4/,1,0,1
1637178090172,0,Petición HTTP,200,OK,final_test 1-79,text,true,,11228,116,1,1,http://192.168.100.4/,0,0,0
1637178090172,1,Petición HTTP,200,OK,final_test 1-79,text,true,,11228,116,1,1,http://192.168.100.4/,1,0,0
1637178090173,1,Petición HTTP,200,OK,final_test 1-79,text,true,,11228,116,1,1,http://192.168.100.4/,1,0,0
1637178090174,2,Petición HTTP,200,OK,final_test 1-79,text,true,,11228,116,1,1,http://192.168.100.4/,2,0,0
1637178090181,1,Petición HTTP,200,OK,final_test 1-80,text,true,,11229,116,1,1,http://192.168.100.4/,1,0,0
1637178090182,1,Petición HTTP,200,OK,final_test 1-80,text,true,,11228,116,1,1,http://192.168.100.4/,1,0,0
1637178090183,1,Petición HTTP,200,OK,final_test 1-80,text,true,,11228,116,1,1,http://192.168.100.4/,1,0,0
1637178090185,1,Petición HTTP,200,OK,final_test 1-80,text,true,,11228,116,1,1,http://192.168.100.4/,1,0,0
1637178090186,1,Petición HTTP,200,OK,final_test 1-80,text,true,,11228,116,1,1,http://192.168.100.4/,0,0,0
1637178090189,2,Petición HTTP,200,OK,final_test 1-81,text,true,,11229,116,1,1,http://192.168.100.4/,2,0,1
1637178090192,1,Petición HTTP,200,OK,final_test 1-81,text,true,,11228,116,1,1,http://192.168.100.4/,0,0,0
1637178090193,1,Petición HTTP,200,OK,final_test 1-81,text,true,,11228,116,1,1,http://192.168.100.4/,0,0,0
1637178090194,2,Petición HTTP,200,OK,final_test 1-81,text,true,,11228,116,1,1,http://192.168.100.4/,2,0,0
1637178090196,2,Petición HTTP,200,OK,final_test 1-81,text,true,,11228,116,1,1,http://192.168.100.4/,2,0,0
1637178090199,2,Petición HTTP,200,OK,final_test 1-82,text,true,,11229,116,1,1,http://192.168.100.4/,2,0,1
1637178090202,1,Petición HTTP,200,OK,final_test 1-82,text,true,,11228,116,1,1,http://192.168.100.4/,1,0,0
1637178090203,3,Petición HTTP,200,OK,final_test 1-82,text,true,,11228,116,1,1,http://192.168.100.4/,3,0,0
1637178090206,1,Petición HTTP,200,OK,final_test 1-82,text,true,,11228,116,1,1,http://192.168.100.4/,1,0,0
1637178090207,1,Petición HTTP,200,OK,final_test 1-82,text,true,,11228,116,2,2,http://192.168.100.4/,1,0,0
1637178090208,4,Petición HTTP,200,OK,final_test 1-83,text,true,,11229,116,1,1,http://192.168.100.4/,4,0,2
1637178090212,2,Petición HTTP,200,OK,final_test 1-83,text,true,,11228,116,1,1,http://192.168.100.4/,2,0,0
1637178090214,2,Petición HTTP,200,OK,final_test 1-83,text,true,,11228,116,1,1,http://192.168.100.4/,1,0,0
1637178090216,1,Petición HTTP,200,OK,final_test 1-83,text,true,,11228,116,1,1,http://192.168.100.4/,1,0,0
1637178090217,1,Petición HTTP,200,OK,final_test 1-83,text,true,,11228,116,2,2,http://192.168.100.4/,1,0,0
1637178090218,3,Petición HTTP,200,OK,final_test 1-84,text,true,,11229,116,1,1,http://192.168.100.4/,3,0,1
1637178090221,2,Petición HTTP,200,OK,final_test 1-84,text,true,,11228,116,1,1,http://192.168.100.4/,2,0,0
1637178090223,2,Petición HTTP,200,OK,final_test 1-84,text,true,,11228,116,1,1,http://192.168.100.4/,2,0,0
1637178090225,2,Petición HTTP,200,OK,final_test 1-84,text,true,,11228,116,1,1,http://192.168.100.4/,1,0,0
1637178090227,5,Petición HTTP,200,OK,final_test 1-84,text,true,,11228,116,1,1,http://192.168.100.4/,4,0,0
1637178090236,28,Petición HTTP,200,OK,final_test 1-85,text,true,,11229,116,2,2,http://192.168.100.4/,26,0,19
1637178090257,8,Petición HTTP,200,OK,final_test 1-86,text,true,,11229,116,4,4,http://192.168.100.4/,8,0,2
1637178090264,2,Petición HTTP,200,OK,final_test 1-85,text,true,,11228,116,4,4,http://192.168.100.4/,2,0,0
1637178090265,2,Petición HTTP,200,OK,final_test 1-86,text,true,,11228,116,4,4,http://192.168.100.4/,1,0,0
1637178090266,2,Petición HTTP,200,OK,final_test 1-85,text,true,,11228,116,4,4,http://192.168.100.4/,2,0,0
1637178090267,2,Petición HTTP,200,OK,final_test 1-86,text,true,,11228,116,4,4,http://192.168.100.4/,2,0,0
1637178090268,4,Petición HTTP,200,OK,final_test 1-85,text,true,,11228,116,4,4,http://192.168.100.4/,3,0,0
1637178090270,3,Petición HTTP,200,OK,final_test 1-86,text,true,,11228,116,4,4,http://192.168.100.4/,3,0,0
1637178090265,9,Petición HTTP,200,OK,final_test 1-87,text,true,,11229,116,4,4,http://192.168.100.4/,9,0,5
1637178090272,4,Petición HTTP,200,OK,final_test 1-85,text,true,,11228,116,4,4,http://192.168.100.4/,3,0,0
1637178090274,7,Petición HTTP,200,OK,final_test 1-87,text,true,,11228,116,4,4,http://192.168.100.4/,3,0,0
1637178090273,11,Petición HTTP,200,OK,final_test 1-86,text,true,,11228,116,4,4,http://192.168.100.4/,10,0,0
1637178090267,19,Petición HTTP,200,OK,final_test 1-88,text,true,,11229,116,3,3,http://192.168.100.4/,19,0,16
1637178090281,5,Petición HTTP,200,OK,final_test 1-87,text,true,,11228,116,3,3,http://192.168.100.4/,5,0,0
1637178090286,2,Petición HTTP,200,OK,final_test 1-87,text,true,,11228,116,4,4,http://192.168.100.4/,2,0,0
1637178090286,3,Petición HTTP,200,OK,final_test 1-88,text,true,,11228,116,4,4,http://192.168.100.4/,3,0,0
1637178090284,5,Petición HTTP,200,OK,final_test 1-89,text,true,,11229,116,4,4,http://192.168.100.4/,5,0,2
1637178090288,2,Petición HTTP,200,OK,final_test 1-87,text,true,,11228,116,4,4,http://192.168.100.4/,2,0,0
1637178090289,2,Petición HTTP,200,OK,final_test 1-88,text,true,,11228,116,3,3,http://192.168.100.4/,1,0,0
1637178090290,2,Petición HTTP,200,OK,final_test 1-89,text,true,,11228,116,3,3,http://192.168.100.4/,2,0,0
1637178090288,5,Petición HTTP,200,OK,final_test 1-90,text,true,,11229,116,4,4,http://192.168.100.4/,5,0,2
1637178090291,2,Petición HTTP,200,OK,final_test 1-88,text,true,,11228,116,4,4,http://192.168.100.4/,2,0,0
1637178090292,1,Petición HTTP,200,OK,final_test 1-89,text,true,,11228,116,4,4,http://192.168.100.4/,1,0,0
1637178090293,1,Petición HTTP,200,OK,final_test 1-90,text,true,,11228,116,4,4,http://192.168.100.4/,1,0,0
1637178090293,2,Petición HTTP,200,OK,final_test 1-88,text,true,,11228,116,4,4,http://192.168.100.4/,2,0,0
1637178090294,2,Petición HTTP,200,OK,final_test 1-89,text,true,,11228,116,3,3,http://192.168.100.4/,2,0,0
1637178090295,2,Petición HTTP,200,OK,final_test 1-90,text,true,,11228,116,3,3,http://192.168.100.4/,2,0,0
1637178090296,2,Petición HTTP,200,OK,final_test 1-89,text,true,,11228,116,3,3,http://192.168.100.4/,2,0,0
1637178090297,2,Petición HTTP,200,OK,final_test 1-91,text,true,,11229,116,2,2,http://192.168.100.4/,2,0,1
1637178090298,1,Petición HTTP,200,OK,final_test 1-90,text,true,,11228,116,2,2,http://192.168.100.4/,1,0,0
1637178090299,1,Petición HTTP,200,OK,final_test 1-91,text,true,,11228,116,2,2,http://192.168.100.4/,1,0,0
1637178090300,1,Petición HTTP,200,OK,final_test 1-90,text,true,,11228,116,2,2,http://192.168.100.4/,0,0,0
1637178090300,2,Petición HTTP,200,OK,final_test 1-91,text,true,,11228,116,1,1,http://192.168.100.4/,1,0,0
1637178090302,3,Petición HTTP,200,OK,final_test 1-91,text,true,,11228,116,2,2,http://192.168.100.4/,3,0,0
1637178090303,3,Petición HTTP,200,OK,final_test 1-92,text,true,,11229,116,2,2,http://192.168.100.4/,3,0,2
1637178090306,1,Petición HTTP,200,OK,final_test 1-91,text,true,,11228,116,3,3,http://192.168.100.4/,1,0,0
1637178090307,1,Petición HTTP,200,OK,final_test 1-92,text,true,,11228,116,3,3,http://192.168.100.4/,1,0,0
1637178090308,1,Petición HTTP,200,OK,final_test 1-92,text,true,,11228,116,2,2,http://192.168.100.4/,1,0,0
1637178090310,1,Petición HTTP,200,OK,final_test 1-92,text,true,,11228,116,2,2,http://192.168.100.4/,0,0,0
1637178090311,3,Petición HTTP,200,OK,final_test 1-92,text,true,,11228,116,2,2,http://192.168.100.4/,3,0,0
1637178090314,2,Petición HTTP,200,OK,final_test 1-93,text,true,,11229,116,1,1,http://192.168.100.4/,2,0,1
1637178090317,2,Petición HTTP,200,OK,final_test 1-94,text,true,,11229,116,2,2,http://192.168.100.4/,2,0,1
1637178090319,1,Petición HTTP,200,OK,final_test 1-94,text,true,,11228,116,2,2,http://192.168.100.4/,1,0,0
1637178090320,1,Petición HTTP,200,OK,final_test 1-94,text,true,,11228,116,2,2,http://192.168.100.4/,1,0,0
1637178090316,5,Petición HTTP,200,OK,final_test 1-93,text,true,,11228,116,2,2,http://192.168.100.4/,1,0,0
1637178090321,1,Petición HTTP,200,OK,final_test 1-94,text,true,,11228,116,2,2,http://192.168.100.4/,1,0,0
1637178090322,1,Petición HTTP,200,OK,final_test 1-94,text,true,,11228,116,2,2,http://192.168.100.4/,1,0,0
1637178090321,5,Petición HTTP,200,OK,final_test 1-93,text,true,,11228,116,1,1,http://192.168.100.4/,4,0,0
1637178090326,3,Petición HTTP,200,OK,final_test 1-93,text,true,,11228,116,2,2,http://192.168.100.4/,2,0,0
1637178090329,2,Petición HTTP,200,OK,final_test 1-95,text,true,,11229,116,2,2,http://192.168.100.4/,2,0,1
1637178090331,1,Petición HTTP,200,OK,final_test 1-95,text,true,,11228,116,2,2,http://192.168.100.4/,1,0,0
1637178090329,5,Petición HTTP,200,OK,final_test 1-93,text,true,,11228,116,2,2,http://192.168.100.4/,5,0,0
1637178090332,2,Petición HTTP,200,OK,final_test 1-95,text,true,,11228,116,2,2,http://192.168.100.4/,1,0,0
1637178090334,1,Petición HTTP,200,OK,final_test 1-95,text,true,,11228,116,1,1,http://192.168.100.4/,1,0,0
1637178090335,1,Petición HTTP,200,OK,final_test 1-95,text,true,,11228,116,1,1,http://192.168.100.4/,1,0,0
1637178090338,2,Petición HTTP,200,OK,final_test 1-96,text,true,,11229,116,1,1,http://192.168.100.4/,2,0,1
1637178090340,2,Petición HTTP,200,OK,final_test 1-96,text,true,,11228,116,1,1,http://192.168.100.4/,2,0,0
1637178090342,12,Petición HTTP,200,OK,final_test 1-96,text,true,,11228,116,2,2,http://192.168.100.4/,6,0,0
1637178090354,2,Petición HTTP,200,OK,final_test 1-96,text,true,,11228,116,2,2,http://192.168.100.4/,1,0,0
1637178090354,5,Petición HTTP,200,OK,final_test 1-97,text,true,,11229,116,2,2,http://192.168.100.4/,5,0,1
1637178090356,4,Petición HTTP,200,OK,final_test 1-96,text,true,,11228,116,2,2,http://192.168.100.4/,4,0,0
1637178090359,5,Petición HTTP,200,OK,final_test 1-97,text,true,,11228,116,2,2,http://192.168.100.4/,5,0,0
1637178090364,2,Petición HTTP,200,OK,final_test 1-97,text,true,,11228,116,2,2,http://192.168.100.4/,2,0,0
1637178090361,6,Petición HTTP,200,OK,final_test 1-98,text,true,,11229,116,2,2,http://192.168.100.4/,6,0,5
1637178090367,1,Petición HTTP,200,OK,final_test 1-98,text,true,,11228,116,2,2,http://192.168.100.4/,1,0,0
1637178090366,3,Petición HTTP,200,OK,final_test 1-97,text,true,,11228,116,2,2,http://192.168.100.4/,3,0,0
1637178090368,1,Petición HTTP,200,OK,final_test 1-98,text,true,,11228,116,2,2,http://192.168.100.4/,1,0,0
1637178090369,1,Petición HTTP,200,OK,final_test 1-97,text,true,,11228,116,2,2,http://192.168.100.4/,1,0,0
1637178090369,2,Petición HTTP,200,OK,final_test 1-98,text,true,,11228,116,1,1,http://192.168.100.4/,2,0,0
1637178090371,1,Petición HTTP,200,OK,final_test 1-98,text,true,,11228,116,2,2,http://192.168.100.4/,1,0,0
1637178090373,2,Petición HTTP,200,OK,final_test 1-99,text,true,,11229,116,1,1,http://192.168.100.4/,2,0,1
1637178090375,1,Petición HTTP,200,OK,final_test 1-99,text,true,,11228,116,1,1,http://192.168.100.4/,1,0,0
1637178090376,1,Petición HTTP,200,OK,final_test 1-99,text,true,,11228,116,2,2,http://192.168.100.4/,1,0,0
1637178090377,1,Petición HTTP,200,OK,final_test 1-99,text,true,,11228,116,2,2,http://192.168.100.4/,1,0,0
1637178090379,1,Petición HTTP,200,OK,final_test 1-99,text,true,,11228,116,2,2,http://192.168.100.4/,1,0,0
1637178090380,2,Petición HTTP,200,OK,final_test 1-100,text,true,,11229,116,1,1,http://192.168.100.4/,2,0,1
1637178090382,1,Petición HTTP,200,OK,final_test 1-100,text,true,,11228,116,1,1,http://192.168.100.4/,1,0,0
1637178090383,1,Petición HTTP,200,OK,final_test 1-100,text,true,,11228,116,1,1,http://192.168.100.4/,1,0,0
1637178090384,1,Petición HTTP,200,OK,final_test 1-100,text,true,,11228,116,1,1,http://192.168.100.4/,1,0,0
1637178090385,1,Petición HTTP,200,OK,final_test 1-100,text,true,,11228,116,1,1,http://192.168.100.4/,1,0,0
